사용월,호선명,역ID,지하철역,유임승차,유임하차,무임승차,무임하차
2021-03,1호선,1,서울역,937177,881217,166618,156515
2021-03,1호선,10,동묘앞,125653,136688,146045,148410
2021-03,1호선,2,시청,468162,470800,63279,61083
2021-03,1호선,3,종각,764393,731560,113573,106197
2021-03,1호선,4,종로3가,428232,386982,265195,248906
2021-03,1호선,5,종로5가,361954,366486,242782,235207
2021-03,1호선,6,동대문,209266,198048,109645,108687
2021-03,1호선,7,신설동,267910,266267,105436,102204
2021-03,1호선,8,제기동,229143,223026,255603,271115
2021-03,1호선,9,청량리(서울시립대입구),325003,322189,247560,247326
2021-03,2호선,11,시청,531959,512059,44864,40331
2021-03,2호선,12,을지로입구,892469,909207,85020,80260
2021-03,2호선,13,을지로3가,468651,459931,66737,65040
2021-03,2호선,14,을지로4가,245458,244853,79628,78219
2021-03,2호선,15,동대문역사문화공원(DDP),273574,309439,48352,50569
2021-03,2호선,16,신당,293181,305687,86373,88520
2021-03,2호선,17,상왕십리,319961,308062,58382,58764
2021-03,2호선,18,왕십리(성동구청),396644,327066,45392,38502
2021-03,2호선,19,한양대,193835,208854,10566,11351
2021-03,2호선,20,뚝섬,510078,549845,50786,51125
2021-03,2호선,21,성수,801379,882490,93446,95241
2021-03,2호선,22,건대입구,882360,929234,79040,82463
2021-03,2호선,23,구의(광진구청),533712,525379,89179,91391
2021-03,2호선,24,강변(동서울터미널),731253,717515,98543,95638
2021-03,2호선,25,잠실나루,301260,292322,69753,69909
2021-03,2호선,26,잠실(송파구청),1658332,1632610,159568,152474
2021-03,2호선,27,잠실새내,470022,474257,86705,86600
2021-03,2호선,28,종합운동장,156931,172498,32941,33818
2021-03,2호선,29,삼성(무역센터),1223868,1250117,97748,89787
2021-03,2호선,30,선릉,1204057,1080207,200288,179197
2021-03,2호선,31,역삼,1111778,1240654,138058,138307
2021-03,2호선,32,강남,2079868,2062016,153359,137434
2021-03,2호선,33,교대(법원.검찰청),746620,841148,128579,143527
2021-03,2호선,34,서초,489234,474371,65307,64738
2021-03,2호선,35,방배,409870,430321,63764,63427
2021-03,2호선,36,사당,837097,937759,151898,146491
2021-03,2호선,37,낙성대(강감찬),654075,628733,93389,95616
2021-03,2호선,38,서울대입구(관악구청),1134242,1120722,162730,156635
2021-03,2호선,39,봉천,528369,484588,125602,126012
2021-03,2호선,40,신림,1521430,1470969,195279,197647
2021-03,2호선,41,신대방,602467,585620,110724,112192
2021-03,2호선,42,구로디지털단지,1460129,1461027,154179,156275
2021-03,2호선,43,대림(구로구청),573136,587385,104705,108569
2021-03,2호선,44,신도림,1167348,1151929,170055,162483
2021-03,2호선,45,문래,485685,498762,66423,65884
2021-03,2호선,46,영등포구청,512092,522057,90436,89410
2021-03,2호선,47,당산,451629,522873,54077,59072
2021-03,2호선,48,합정,769826,813748,60046,60162
2021-03,2호선,49,홍대입구,1381403,1447516,83730,80375
2021-03,2호선,50,신촌,783941,804046,105765,103546
2021-03,2호선,51,이대,303009,317429,39446,40307
2021-03,2호선,52,아현,226484,218411,56121,55892
2021-03,2호선,53,충정로(경기대입구),219943,232769,41682,41479
2021-03,2호선,54,용답,57562,58366,16683,16242
2021-03,2호선,55,신답,33831,38942,8704,9576
2021-03,2호선,56,신설동,65621,63428,29003,30433
2021-03,2호선,57,도림천,30836,31979,6569,6881
2021-03,2호선,58,양천구청,141004,150773,39970,40375
2021-03,2호선,59,신정네거리,216097,224008,61767,63324
2021-03,2호선,60,용두(동대문구청),42656,43498,20432,21982
2021-03,3호선,61,지축,87276,84211,17281,17282
2021-03,3호선,62,구파발,455247,435020,100282,95549
2021-03,3호선,63,연신내,797893,748919,226104,219870
2021-03,3호선,64,불광,330480,355098,120064,132084
2021-03,3호선,65,녹번,333225,298965,64160,63825
2021-03,3호선,66,홍제,354725,335474,123294,121903
2021-03,3호선,67,무악재,81191,81524,24353,26815
2021-03,3호선,68,독립문,132059,141101,62775,62598
2021-03,3호선,69,경복궁(정부서울청사),433175,426911,66959,63476
2021-03,3호선,70,안국,454895,480951,65434,67032
2021-03,3호선,71,종로3가,204054,246274,49856,55580
2021-03,3호선,72,을지로3가,214606,227271,46999,45738
2021-03,3호선,73,충무로,32,0,3,0
2021-03,3호선,74,동대입구,181013,192604,28252,30573
2021-03,3호선,75,약수,277275,270922,69824,66338
2021-03,3호선,76,금호,176738,165194,47266,46941
2021-03,3호선,77,옥수,199402,208935,51291,51037
2021-03,3호선,78,압구정,732438,786950,112515,109346
2021-03,3호선,79,신사,763453,795977,64294,62067
2021-03,3호선,80,잠원,104707,103486,26091,25283
2021-03,3호선,81,고속터미널,1021322,989865,143010,136592
2021-03,3호선,82,교대(법원.검찰청),306386,199096,56497,34799
2021-03,3호선,83,남부터미널(예술의전당),676292,696791,100071,100473
2021-03,3호선,84,양재(서초구청),873889,951248,124946,126346
2021-03,3호선,85,매봉,264389,255447,52527,48557
2021-03,3호선,86,도곡,122613,127811,22550,21097
2021-03,3호선,87,대치,247256,245912,52256,50032
2021-03,3호선,88,학여울,42244,44164,12458,12027
2021-03,3호선,89,대청,210036,192446,48655,47019
2021-03,3호선,90,일원,201430,196515,51336,51211
2021-03,3호선,91,수서,366983,375329,88658,86942
2021-03,3호선,92,가락시장,177674,175677,66203,64527
2021-03,3호선,93,경찰병원,160218,160421,35519,36323
2021-03,3호선,94,오금,139957,126043,23806,23231
2021-03,4호선,100,수유(강북구청),761767,755414,170048,169593
2021-03,4호선,101,미아(서울사이버대학),315081,302628,98403,100500
2021-03,4호선,102,미아사거리,600809,582450,159916,159136
2021-03,4호선,103,길음,448282,434324,97130,97103
2021-03,4호선,104,성신여대입구(돈암),481047,460022,73893,71484
2021-03,4호선,105,한성대입구(삼선교),310753,301503,62989,61965
2021-03,4호선,106,혜화,744258,748028,110278,109036
2021-03,4호선,107,동대문,393745,414920,145986,141728
2021-03,4호선,108,동대문역사문화공원(DDP),347133,321368,49616,44708
2021-03,4호선,109,충무로,564768,581513,101861,102609
2021-03,4호선,110,명동,401332,418133,48699,50216
2021-03,4호선,111,회현(남대문시장),468058,501085,159202,159255
2021-03,4호선,112,서울역,241269,356424,31525,36478
2021-03,4호선,113,숙대입구(갈월),306286,302317,45258,42208
2021-03,4호선,114,삼각지,105910,122042,20549,21222
2021-03,4호선,115,신용산,362337,384573,43195,43449
2021-03,4호선,116,이촌(국립중앙박물관),157387,178909,37978,40855
2021-03,4호선,117,동작(현충원),49343,54017,23174,22825
2021-03,4호선,118,총신대입구(이수),389407,428360,126805,133696
2021-03,4호선,119,사당,594880,496978,71311,70391
2021-03,4호선,120,남태령,26220,22819,7545,7211
2021-03,4호선,95,당고개,269086,242731,79672,78293
2021-03,4호선,96,상계,415280,381901,102103,100510
2021-03,4호선,97,노원,447661,504325,77341,76517
2021-03,4호선,98,창동,534802,571721,171878,177857
2021-03,4호선,99,쌍문,662472,599749,138489,136921
2021-03,경부선,121,서울역,140242,43090,8042,1916
2021-03,경부선,122,남영,222276,233366,31693,33235
2021-03,경부선,123,용산,789936,797147,101117,99944
2021-03,경부선,124,노량진,206548,208835,35553,33622
2021-03,경부선,125,대방,290461,301297,59263,58203
2021-03,경부선,126,영등포,888745,913009,195350,194694
2021-03,경부선,127,신도림,88078,85355,23074,24494
2021-03,경부선,151,신길,215761,178488,42656,39876
2021-03,경부선,249,구로,428729,444235,84456,81807
2021-03,경부선,250,가산디지털단지,415766,494392,30310,33572
2021-03,경부선,251,금천구청,253307,250985,68631,69345
2021-03,경부선,252,석수,225403,199308,42890,41179
2021-03,경부선,253,관악,156097,144513,45570,43341
2021-03,경부선,254,안양,570826,564831,97915,101690
2021-03,경부선,255,명학,198510,198100,37197,36021
2021-03,경부선,256,금정,607513,618317,99868,101216
2021-03,경부선,257,군포,169483,167316,30319,29856
2021-03,경부선,258,의왕,199950,198338,37169,37173
2021-03,경부선,259,성균관대,359687,357989,41719,42055
2021-03,경부선,260,화서,165351,160544,34637,34030
2021-03,경부선,261,수원,892344,937070,116227,119563
2021-03,경부선,262,독산,372424,394824,55668,57476
2021-03,경부선,263,세류,69255,65413,12990,12704
2021-03,경부선,264,병점,329090,334896,48989,48011
2021-03,경부선,265,세마,59427,54571,12916,12149
2021-03,경부선,266,오산대,81458,73968,13764,13062
2021-03,경부선,267,오산,237411,235347,38078,39014
2021-03,경부선,268,진위,35765,31126,6603,6183
2021-03,경부선,269,송탄,102622,97146,18518,17821
2021-03,경부선,270,서정리,158216,153523,24624,24124
2021-03,경부선,271,지제,72402,68382,8852,8297
2021-03,경부선,272,평택,287737,285826,53390,52012
2021-03,경부선,273,성환,93757,92818,16793,16903
2021-03,경부선,274,직산,16125,16547,3874,3732
2021-03,경부선,275,두정,138849,141923,18781,19343
2021-03,경부선,276,천안,108307,108796,40509,40831
2021-03,경부선,277,당정,139887,134520,26365,25209
2021-03,경부선,278,서동탄,33570,29306,7673,7547
2021-03,경부선,279,광명,78498,67133,7324,6876
2021-03,경인선,293,개봉,455260,462530,131418,137522
2021-03,경인선,294,오류동,253120,236213,79112,77562
2021-03,경인선,295,역곡,633917,626188,134281,135964
2021-03,경인선,296,부천,749879,754061,181940,183442
2021-03,경인선,297,송내,640674,640053,103206,102709
2021-03,경인선,298,부평,744323,795986,122938,124600
2021-03,경인선,299,백운,145996,142811,50113,50775
2021-03,경인선,300,동암,342984,346668,81649,82330
2021-03,경인선,301,주안,456616,413010,76270,68542
2021-03,경인선,302,제물포,236131,225145,54618,54378
2021-03,경인선,303,동인천,287941,272079,98479,95018
2021-03,경인선,304,인천,69020,49064,33307,30819
2021-03,경인선,305,구일,134171,137011,37395,37315
2021-03,경인선,306,소사,206317,195667,58423,57121
2021-03,경인선,307,부개,179064,166710,53921,53282
2021-03,경인선,308,간석,123299,117297,39559,37738
2021-03,경인선,309,도원,62702,62546,28017,29418
2021-03,경인선,310,온수(성공회대입구),146253,142622,41276,40283
2021-03,경인선,311,중동,190285,178645,59033,58550
2021-03,경인선,312,도화,81155,73544,33341,32368
2021-03,경원선,128,이촌(국립중앙박물관),80736,61053,23392,19357
2021-03,경원선,129,서빙고,37626,34645,13200,12543
2021-03,경원선,130,한남,84548,80031,24362,22859
2021-03,경원선,131,옥수,1448,805,94,75
2021-03,경원선,132,응봉,38128,34447,15911,15262
2021-03,경원선,133,왕십리(성동구청),327838,367701,50201,55002
2021-03,경원선,134,청량리(서울시립대입구),283835,297687,127375,137134
2021-03,경원선,136,외대앞,165839,164542,38882,40012
2021-03,경원선,137,신이문,171185,156348,60269,58863
2021-03,경원선,138,석계,169076,193173,54378,58084
2021-03,경원선,139,광운대,191390,185553,47139,46328
2021-03,경원선,140,월계,125656,116940,53692,51562
2021-03,경원선,141,녹천,93958,77682,33860,30538
2021-03,경원선,142,창동,7,0,0,0
2021-03,경원선,358,방학,165571,160829,93216,92526
2021-03,경원선,359,도봉,100940,95082,62674,62415
2021-03,경원선,360,도봉산,134666,72060,106595,85063
2021-03,경원선,361,망월사,141148,144250,60903,62661
2021-03,경원선,362,회룡,215837,214033,124411,124375
2021-03,경원선,363,의정부,416113,427118,92932,94728
2021-03,경원선,364,가능,129029,123755,48621,48121
2021-03,경원선,365,녹양,92221,87655,32483,31563
2021-03,경원선,366,양주,164039,152536,47089,45880
2021-03,경원선,367,덕계,62012,54037,18491,17954
2021-03,경원선,368,덕정,125981,121602,30168,30042
2021-03,경원선,369,지행,131199,129271,37462,37328
2021-03,경원선,370,동두천중앙,53411,50951,30099,29731
2021-03,경원선,371,보산,27314,25084,11509,10984
2021-03,경원선,372,동두천,40256,45005,18904,24347
2021-03,경원선,373,소요산,29216,22301,57245,50243
2021-03,안산선,280,산본,350225,379954,83740,84990
2021-03,안산선,281,대야미,109685,96642,28196,26458
2021-03,안산선,282,반월,93201,88984,25911,25433
2021-03,안산선,283,상록수,380285,380519,62735,63929
2021-03,안산선,284,한대앞,202990,202954,38686,39475
2021-03,안산선,285,중앙,444404,462265,49690,48940
2021-03,안산선,286,고잔,203971,197310,30795,29668
2021-03,안산선,287,초지,123718,131585,13757,13887
2021-03,안산선,288,안산,298562,272643,34228,31295
2021-03,안산선,289,신길온천,37812,35045,9111,8922
2021-03,안산선,290,정왕,229890,238852,22401,24144
2021-03,안산선,291,오이도,206612,203139,31948,31417
2021-03,안산선,292,수리산,85446,67086,27961,27045
2021-03,과천선,230,선바위,192996,165255,28957,28542
2021-03,과천선,231,경마공원,23280,23461,8884,8461
2021-03,과천선,232,대공원,44487,47512,39031,40348
2021-03,과천선,233,과천,117667,107133,32530,31085
2021-03,과천선,234,정부과천청사,218018,217057,42197,41388
2021-03,과천선,235,인덕원,540020,550042,88758,91084
2021-03,과천선,236,평촌,404075,397516,54586,54445
2021-03,과천선,237,범계,607529,597327,87439,85670
2021-03,분당선,143,선릉,296159,447151,38668,50365
2021-03,분당선,144,한티,318115,336160,54985,56053
2021-03,분당선,145,도곡,140523,140711,36111,34169
2021-03,분당선,146,구룡,40521,39510,12071,11950
2021-03,분당선,147,개포동,80770,83362,18976,19376
2021-03,분당선,148,대모산입구,69766,63052,23428,22868
2021-03,분당선,149,수서,310620,316738,54645,55667
2021-03,분당선,150,복정,15,0,0,0
2021-03,분당선,313,수원,205073,168840,26938,23364
2021-03,분당선,314,서울숲,238368,243850,24395,23501
2021-03,분당선,315,압구정로데오,469450,519912,40450,39053
2021-03,분당선,316,강남구청,219461,253677,33473,36291
2021-03,분당선,317,선정릉,182051,195218,24569,23801
2021-03,분당선,318,가천대,202225,230318,22600,23737
2021-03,분당선,319,태평,289068,273045,80263,83847
2021-03,분당선,320,모란,419879,411511,152648,164525
2021-03,분당선,321,야탑,553876,582979,124387,124206
2021-03,분당선,322,서현,556416,566619,101048,97381
2021-03,분당선,323,수내,282284,282816,63660,61623
2021-03,분당선,324,정자,395568,412449,56991,56903
2021-03,분당선,325,미금,324151,340979,90940,96241
2021-03,분당선,326,오리,249606,210340,64806,56360
2021-03,분당선,327,이매,117305,110287,34761,32775
2021-03,분당선,328,보정,49078,42577,17056,16490
2021-03,분당선,329,죽전,304039,337333,60094,64264
2021-03,분당선,330,구성,99153,104429,29628,30338
2021-03,분당선,331,신갈,95019,95110,23612,23899
2021-03,분당선,332,기흥,215118,204548,35034,34405
2021-03,분당선,333,상갈,117740,114539,26668,25656
2021-03,분당선,334,청명,95816,91111,15434,15446
2021-03,분당선,335,영통,199322,204060,24273,24350
2021-03,분당선,336,망포,337824,323210,31410,30504
2021-03,분당선,337,매탄권선,114736,110313,16250,15909
2021-03,분당선,338,수원시청,305312,326304,34924,35315
2021-03,분당선,339,매교,64418,65110,15314,15936
2021-03,일산선,374,원흥,213237,203318,48999,47380
2021-03,일산선,375,지축,5,0,0,0
2021-03,일산선,376,삼송,412035,400410,85182,85288
2021-03,일산선,377,원당,233755,221986,72092,71420
2021-03,일산선,378,화정,359755,372726,101675,103672
2021-03,일산선,379,대곡,39452,28521,10609,10121
2021-03,일산선,380,백석,207293,208929,63681,62553
2021-03,일산선,381,마두,144605,150251,55234,57155
2021-03,일산선,382,정발산,158539,161150,41448,38575
2021-03,일산선,383,주엽,164975,163713,72040,73833
2021-03,일산선,384,대화,282496,222091,67639,63343
2021-03,중앙선,135,회기,557811,541076,110351,108661
2021-03,중앙선,152,중랑,107330,102197,43611,42719
2021-03,중앙선,153,상봉(시외버스터미널),126771,130957,36257,35849
2021-03,중앙선,154,망우,146449,142201,61234,62411
2021-03,중앙선,155,양원,33193,33304,14904,14868
2021-03,중앙선,156,구리,293471,301383,73368,74186
2021-03,중앙선,157,도농,213382,193641,52459,51077
2021-03,중앙선,158,양정,14071,11982,8001,7248
2021-03,중앙선,159,덕소,113903,114438,40842,41193
2021-03,중앙선,160,도심,49802,37758,16079,15173
2021-03,중앙선,161,팔당,21994,22589,8339,8438
2021-03,중앙선,162,운길산,16280,14647,11167,11215
2021-03,중앙선,163,양수,33858,33833,19528,19592
2021-03,중앙선,164,신원,3467,2926,3769,3401
2021-03,중앙선,165,국수,12924,12258,8725,8752
2021-03,중앙선,166,아신,10339,10349,5329,5251
2021-03,중앙선,167,오빈,4408,4360,3738,3853
2021-03,중앙선,168,양평,51389,52589,27312,27698
2021-03,중앙선,169,원덕,5267,5101,5914,5732
2021-03,중앙선,170,용문,26882,26301,31546,31393
2021-03,중앙선,171,지평,796,1193,1086,1001
2021-03,장항선,224,봉명,22406,21514,9606,9316
2021-03,장항선,225,쌍용(나사렛대),44211,42314,10371,9920
2021-03,장항선,226,아산,71100,63706,9907,9181
2021-03,장항선,227,배방,22328,21572,5699,5635
2021-03,장항선,228,온양온천,66606,67152,36930,37637
2021-03,장항선,229,신창(순천향대),36965,36796,6026,5582
2021-03,경의선,173,신촌,17829,22849,3237,3596
2021-03,경의선,174,효창공원앞,62861,72769,12872,13915
2021-03,경의선,176,서강대,45717,45286,9813,9225
2021-03,경의선,178,가좌,106159,98425,38403,37966
2021-03,경의선,180,수색,55029,57916,12994,13301
2021-03,경의선,181,화전,41981,39499,9005,8824
2021-03,경의선,182,강매,67522,58524,16179,15725
2021-03,경의선,183,행신,179042,178005,29263,29929
2021-03,경의선,184,능곡,76291,68222,27408,26838
2021-03,경의선,185,곡산,11245,11860,4926,4787
2021-03,경의선,186,백마,153878,146597,30562,30493
2021-03,경의선,187,풍산,121202,112847,29263,29017
2021-03,경의선,188,일산,199578,197093,54902,55077
2021-03,경의선,189,탄현,171713,164735,32930,32215
2021-03,경의선,190,야당,150039,146568,29394,28173
2021-03,경의선,191,운정,141162,133132,31231,30742
2021-03,경의선,192,금릉,101103,98659,22589,22413
2021-03,경의선,193,금촌,136907,134257,39496,40270
2021-03,경의선,194,월롱,58986,54148,7059,7942
2021-03,경의선,195,파주,33448,25090,7016,5958
2021-03,경의선,196,문산,104907,103269,37366,37392
2021-03,경의선,197,임진강,373,200,318,297
2021-03,경의선,198,서울역,88023,110672,12565,16049
2021-03,경의선,199,공덕,82307,70613,11920,11505
2021-03,경의선,200,홍대입구,41628,46847,4739,5069
2021-03,경의선,201,디지털미디어시티,57569,54626,9650,9664
2021-03,경의선,203,계양,7,0,0,0
2021-03,경춘선,205,신내,30147,31148,13163,12751
2021-03,경춘선,206,갈매,64548,55020,17292,16452
2021-03,경춘선,207,별내,57029,54992,17712,17291
2021-03,경춘선,208,퇴계원,73285,67368,24699,23856
2021-03,경춘선,209,사릉,74826,70178,18872,18941
2021-03,경춘선,210,금곡,27835,26569,14653,14054
2021-03,경춘선,211,평내호평,130559,130287,40042,38633
2021-03,경춘선,212,천마산,29545,26799,16550,16713
2021-03,경춘선,213,마석,77356,76057,30543,30991
2021-03,경춘선,214,대성리,8823,7365,5927,5338
2021-03,경춘선,215,청평,28322,27757,14506,14540
2021-03,경춘선,216,상천,4467,3846,4492,4377
2021-03,경춘선,217,가평,28049,28064,12153,11861
2021-03,경춘선,218,굴봉산,1508,1534,2291,2241
2021-03,경춘선,219,백양리,1282,1248,973,944
2021-03,경춘선,220,강촌,8776,8509,4274,4302
2021-03,경춘선,221,김유정,5445,5938,3412,3494
2021-03,경춘선,222,남춘천,48721,49380,19855,20104
2021-03,경춘선,223,춘천,29706,27993,12446,11110
2021-03,수인선,340,고색,83527,81850,11633,10942
2021-03,수인선,341,오목천,64577,58370,9419,9442
2021-03,수인선,342,어천,14866,15000,3607,3822
2021-03,수인선,343,야목,5259,4196,1588,1393
2021-03,수인선,344,사리,94089,84229,14277,13453
2021-03,수인선,345,달월,1574,1349,1060,712
2021-03,수인선,346,월곶,57600,53196,12683,12273
2021-03,수인선,347,소래포구,100994,96878,55198,54607
2021-03,수인선,348,인천논현,124921,133243,27223,27832
2021-03,수인선,349,호구포,83905,88369,17880,17984
2021-03,수인선,350,남동인더스파크,53755,59801,6305,6390
2021-03,수인선,351,원인재,95604,100879,26817,26830
2021-03,수인선,352,연수,100062,98253,25278,24889
2021-03,수인선,353,송도,53152,47543,19339,19170
2021-03,수인선,354,인하대,138604,129624,24149,23278
2021-03,수인선,355,숭의,80367,74828,25966,24964
2021-03,수인선,356,신포,37815,38515,12071,12164
2021-03,수인선,357,인천,17587,33707,12570,15936
2021-03,경강선,238,판교,103735,101246,11225,9922
2021-03,경강선,239,이매,24118,19834,5877,6516
2021-03,경강선,240,삼동,51064,46461,10213,10151
2021-03,경강선,241,경기광주,160163,152480,25380,25406
2021-03,경강선,242,초월,68454,64832,11829,11605
2021-03,경강선,243,곤지암,45185,46289,10471,10693
2021-03,경강선,244,신둔도예촌,30894,28042,6033,5884
2021-03,경강선,245,이천,57536,60628,10800,11659
2021-03,경강선,246,부발,44104,43809,6159,6280
2021-03,경강선,247,세종대왕릉,5193,5062,3269,3245
2021-03,경강선,248,여주,40695,41624,12723,12409
2021-03,5호선,385,방화,139459,132905,44177,42335
2021-03,5호선,386,개화산,110596,105346,32953,32727
2021-03,5호선,387,김포공항,179250,170406,27553,30061
2021-03,5호선,388,송정,139613,131570,45261,44549
2021-03,5호선,389,마곡,222684,220299,33688,32901
2021-03,5호선,390,발산,449896,464331,75792,73078
2021-03,5호선,391,우장산,308037,302575,74885,78106
2021-03,5호선,392,화곡,639857,598962,125985,120619
2021-03,5호선,393,까치산,653918,625284,137547,139449
2021-03,5호선,394,신정(은행정),321732,252477,53939,51865
2021-03,5호선,395,목동,382008,418756,73156,74445
2021-03,5호선,396,오목교(목동운동장앞),530623,577882,74593,73905
2021-03,5호선,397,양평,169329,168999,25610,25335
2021-03,5호선,398,영등포구청,86899,88017,18671,17892
2021-03,5호선,399,영등포시장,205961,215139,55059,56116
2021-03,5호선,400,신길,97895,108049,10913,11202
2021-03,5호선,401,여의도,716332,732277,50096,46504
2021-03,5호선,402,여의나루,327647,390585,28873,29830
2021-03,5호선,403,마포,319957,328646,53196,52412
2021-03,5호선,404,공덕,340662,365664,39189,37301
2021-03,5호선,405,애오개,148763,150608,31902,30825
2021-03,5호선,406,충정로(경기대입구),114257,115118,12687,12874
2021-03,5호선,407,서대문,416913,425691,55301,52397
2021-03,5호선,408,광화문(세종문화회관),715153,743654,60341,57749
2021-03,5호선,409,종로3가,261659,249120,78141,83869
2021-03,5호선,410,을지로4가,114059,119471,41370,41344
2021-03,5호선,411,동대문역사문화공원(DDP),63313,74321,7437,8373
2021-03,5호선,412,청구,85540,82513,22586,17567
2021-03,5호선,413,신금호,136210,137310,32329,36679
2021-03,5호선,414,행당,177739,159153,43174,38682
2021-03,5호선,415,왕십리(성동구청),103823,116852,20480,19684
2021-03,5호선,416,마장,116247,107788,33970,33165
2021-03,5호선,417,답십리,355242,324529,70357,67789
2021-03,5호선,418,장한평,408887,404489,74821,75428
2021-03,5호선,419,군자(능동),266658,296547,35926,36936
2021-03,5호선,420,아차산(어린이대공원후문),323693,319563,87242,85566
2021-03,5호선,421,광나루(장신대),294467,268254,59435,58405
2021-03,5호선,422,천호(풍납토성),397811,391229,105119,109258
2021-03,5호선,423,강동,430947,406372,86615,82340
2021-03,5호선,424,길동,154220,160412,58657,60046
2021-03,5호선,425,굽은다리(강동구민회관앞),194740,185631,57293,53486
2021-03,5호선,426,명일,174377,177525,55122,57048
2021-03,5호선,427,고덕,193344,190116,50072,49608
2021-03,5호선,428,상일동,372241,335206,83858,80110
2021-03,5호선,429,둔촌동,180677,178474,52901,53879
2021-03,5호선,430,올림픽공원(한국체대),85666,73629,27741,24968
2021-03,5호선,431,방이,150907,156077,37159,36926
2021-03,5호선,432,오금,83352,81169,16671,15809
2021-03,5호선,433,개롱,133800,139574,39217,40219
2021-03,5호선,434,거여,171835,163377,48651,48121
2021-03,5호선,435,마천,120353,119245,47274,49104
2021-03,5호선,436,강일,9109,9927,4038,4179
2021-03,5호선,437,미사,328318,323965,50093,49911
2021-03,5호선,438,하남풍산,111108,110491,23408,24811
2021-03,5호선,439,하남시청(덕풍·신장),14756,14852,8132,8109
2021-03,5호선,440,하남검단산,17078,17015,9477,9712
2021-03,6호선,441,응암,374917,372828,102590,100825
2021-03,6호선,442,역촌,71279,88404,27775,27363
2021-03,6호선,443,불광,89153,93556,35043,29477
2021-03,6호선,444,독바위,58842,60078,17631,21555
2021-03,6호선,445,연신내,10,0,0,0
2021-03,6호선,446,구산,159300,109150,43759,45853
2021-03,6호선,447,새절(신사),271600,252529,76490,76885
2021-03,6호선,448,증산(명지대앞),210272,207593,63732,64928
2021-03,6호선,449,디지털미디어시티,308051,338374,47537,48214
2021-03,6호선,450,월드컵경기장(성산),80175,86493,52457,50658
2021-03,6호선,451,마포구청,310003,281256,65852,59907
2021-03,6호선,452,망원,318997,349427,74063,76405
2021-03,6호선,453,합정,328419,318137,33611,31882
2021-03,6호선,454,상수,197214,220809,18369,18621
2021-03,6호선,455,광흥창(서강),196869,190728,38257,38086
2021-03,6호선,456,대흥(서강대앞),173488,180702,39807,38894
2021-03,6호선,457,공덕,420137,406054,65462,60604
2021-03,6호선,458,효창공원앞,151549,138051,34114,32757
2021-03,6호선,459,삼각지,145200,124981,13575,11628
2021-03,6호선,460,녹사평(용산구청),121847,120391,16069,15718
2021-03,6호선,461,이태원,254414,257858,27090,28143
2021-03,6호선,462,한강진,206733,238753,13743,13697
2021-03,6호선,463,버티고개,48410,44834,12294,14164
2021-03,6호선,464,약수,74100,76665,18751,18453
2021-03,6호선,465,청구,85996,89159,17073,20350
2021-03,6호선,466,신당,183018,194007,30301,28782
2021-03,6호선,467,동묘앞,164313,170106,63403,57483
2021-03,6호선,468,창신,80501,65181,16509,15506
2021-03,6호선,469,보문,166608,153870,26333,25370
2021-03,6호선,470,안암(고대병원앞),247254,250872,29076,27744
2021-03,6호선,471,고려대(종암),183244,174835,29217,29357
2021-03,6호선,472,월곡(동덕여대),238595,235871,61802,61854
2021-03,6호선,473,상월곡(한국과학기술연구원),132007,115165,34780,33836
2021-03,6호선,474,돌곶이,196473,182019,48414,47681
2021-03,6호선,475,석계,265065,272894,66627,66832
2021-03,6호선,476,태릉입구,119610,133960,25143,26903
2021-03,6호선,477,화랑대(서울여대입구),257677,201385,38988,34326
2021-03,6호선,478,봉화산(서울의료원),191152,177390,42050,41765
2021-03,6호선,479,신내,5,0,0,0
2021-03,7호선,480,장암,53938,22033,9412,6580
2021-03,7호선,481,도봉산,204991,239027,42088,61729
2021-03,7호선,482,수락산,270804,266544,82915,83321
2021-03,7호선,483,마들,260227,245125,71812,71668
2021-03,7호선,484,노원,430253,457568,102505,104383
2021-03,7호선,485,중계,302392,271401,77690,74009
2021-03,7호선,486,하계,385924,364917,87006,83932
2021-03,7호선,487,공릉(서울과학기술대),264091,263249,59695,59912
2021-03,7호선,488,태릉입구,186812,174139,37381,34937
2021-03,7호선,489,먹골,219279,212739,55184,56125
2021-03,7호선,490,중화,243388,236507,56269,57148
2021-03,7호선,491,상봉(시외버스터미널),404991,378346,62602,59111
2021-03,7호선,492,면목,340915,331365,82023,84634
2021-03,7호선,493,사가정,363868,361759,87372,86858
2021-03,7호선,494,용마산(용마폭포공원),135383,130923,30530,33305
2021-03,7호선,495,중곡,219212,200182,50325,51024
2021-03,7호선,496,군자(능동),332272,259874,63582,56222
2021-03,7호선,497,어린이대공원(세종대),306206,303939,34887,34689
2021-03,7호선,498,건대입구,289687,305926,43891,39276
2021-03,7호선,499,뚝섬유원지,202605,197351,36622,36402
2021-03,7호선,500,청담,448714,507135,61612,59466
2021-03,7호선,501,강남구청,383788,424577,42548,42874
2021-03,7호선,502,학동,556402,602638,52344,49102
2021-03,7호선,503,논현,486396,525921,44874,44637
2021-03,7호선,504,반포,129160,125448,27885,26023
2021-03,7호선,505,고속터미널,369958,304452,60500,52949
2021-03,7호선,506,내방,315721,325139,56125,54848
2021-03,7호선,507,이수,358810,348289,65184,61901
2021-03,7호선,508,남성,240716,221256,58753,58349
2021-03,7호선,509,숭실대입구(살피재),279444,284695,49944,51998
2021-03,7호선,510,상도,229846,223758,48691,47283
2021-03,7호선,511,장승배기,202919,195580,58085,58425
2021-03,7호선,512,신대방삼거리,358483,343570,74829,76952
2021-03,7호선,513,보라매,223694,222502,36819,35788
2021-03,7호선,514,신풍,256812,242469,58987,59424
2021-03,7호선,515,대림(구로구청),191363,191633,29712,29064
2021-03,7호선,516,남구로,365829,389762,52612,52428
2021-03,7호선,517,가산디지털단지,1083113,1085360,80608,76729
2021-03,7호선,518,철산,490782,501969,82220,82825
2021-03,7호선,519,광명사거리,481584,469074,129296,132268
2021-03,7호선,520,천왕,252668,237284,47996,48090
2021-03,7호선,521,온수(성공회대입구),252571,232528,34819,33592
2021-03,7호선,522,까치울,179895,172541,26639,26525
2021-03,7호선,523,부천종합운동장,109953,95221,20485,20805
2021-03,7호선,524,춘의,219219,214877,29044,28473
2021-03,7호선,525,신중동,334704,333011,46848,45291
2021-03,7호선,526,부천시청,289735,289078,47439,45420
2021-03,7호선,527,상동,298423,307541,43270,43088
2021-03,7호선,528,삼산체육관,111030,100426,21746,20431
2021-03,7호선,529,굴포천,203102,216647,30049,30902
2021-03,7호선,530,부평구청,281375,234568,27610,24481
2021-03,8호선,531,암사,415535,363401,91434,90245
2021-03,8호선,532,천호(풍납토성),345548,408893,70651,67601
2021-03,8호선,533,강동구청,223064,232700,53995,54615
2021-03,8호선,534,몽촌토성(평화의문),126318,131446,28285,27201
2021-03,8호선,535,잠실(송파구청),323851,380831,57810,56178
2021-03,8호선,536,석촌,165118,197076,43292,46140
2021-03,8호선,537,송파,164964,166516,46279,46117
2021-03,8호선,538,가락시장,154785,177792,56241,56741
2021-03,8호선,539,문정,503072,530617,51407,51519
2021-03,8호선,540,장지,401699,387717,67672,64966
2021-03,8호선,541,복정,261973,224789,40306,37304
2021-03,8호선,542,산성,145493,142971,33281,36986
2021-03,8호선,543,남한산성입구(성남법원.검찰청),293985,266486,71343,69002
2021-03,8호선,544,단대오거리,220142,213739,61983,59819
2021-03,8호선,545,신흥,89679,96120,34525,35304
2021-03,8호선,546,수진,103560,92315,36532,36504
2021-03,8호선,547,모란,78369,62549,48630,37388
2021-03,9호선,605,개화,55352,38425,11557,9471
2021-03,9호선,606,김포공항,196928,302695,16401,20454
2021-03,9호선,607,공항시장,56386,61495,21607,23478
2021-03,9호선,608,신방화,143325,138787,38718,38352
2021-03,9호선,609,마곡나루(서울식물원),271012,271963,26172,25614
2021-03,9호선,610,양천향교,213954,220334,39039,39484
2021-03,9호선,611,가양,430059,422763,110887,107396
2021-03,9호선,612,증미,153822,153596,36896,37872
2021-03,9호선,613,등촌,225344,222574,69310,70505
2021-03,9호선,614,염창,392627,386715,59774,59600
2021-03,9호선,615,신목동,85099,77146,18193,16824
2021-03,9호선,616,선유도,177114,173085,23181,22070
2021-03,9호선,617,당산,425170,426817,56137,51359
2021-03,9호선,618,국회의사당,349142,359680,42590,37171
2021-03,9호선,619,여의도,674155,638392,43427,39343
2021-03,9호선,620,샛강,127936,133042,21215,21111
2021-03,9호선,621,노량진,623290,617914,77993,79035
2021-03,9호선,622,노들,92406,77744,26596,24755
2021-03,9호선,623,흑석(중앙대입구),163284,172365,45304,45544
2021-03,9호선,624,동작(현충원),39051,30668,11443,9670
2021-03,9호선,625,구반포,55380,57628,18622,18817
2021-03,9호선,626,신반포,69852,69047,16690,16600
2021-03,9호선,627,고속터미널,286211,378654,47958,54223
2021-03,9호선,628,사평,70537,68704,15370,15436
2021-03,9호선,629,신논현,802197,795242,53537,49781
2021-03,공항철도 1호선,643,서울역,170773,161996,26829,24689
2021-03,공항철도 1호선,644,공덕,51228,69185,5843,7081
2021-03,공항철도 1호선,645,홍대입구,241483,239194,15503,14732
2021-03,공항철도 1호선,646,디지털미디어시티,325137,293215,20764,19716
2021-03,공항철도 1호선,647,마곡나루(서울식물원),186422,181755,10636,10975
2021-03,공항철도 1호선,648,김포공항,312785,170085,20794,13614
2021-03,공항철도 1호선,649,계양,222536,204795,23168,21833
2021-03,공항철도 1호선,650,검암,169136,165320,15735,16206
2021-03,공항철도 1호선,651,청라국제도시,161692,152160,10300,9932
2021-03,공항철도 1호선,652,운서,147173,148743,22588,22699
2021-03,공항철도 1호선,653,공항화물청사,50823,55935,7802,7649
2021-03,공항철도 1호선,654,인천공항1터미널,79173,83552,12417,12493
2021-03,공항철도 1호선,655,인천공항2터미널,47575,45068,5536,5172
2021-03,공항철도 1호선,656,영종,65119,66034,16983,16999
2021-03,9호선2~3단계,630,언주,233279,237609,23450,23284
2021-03,9호선2~3단계,631,선정릉,223143,243403,20428,21510
2021-03,9호선2~3단계,632,삼성중앙,154548,161228,19090,18803
2021-03,9호선2~3단계,633,봉은사,379309,385705,37390,35354
2021-03,9호선2~3단계,634,종합운동장,97734,96021,14200,13308
2021-03,9호선2~3단계,635,삼전,147574,142877,29461,28543
2021-03,9호선2~3단계,636,석촌고분,128932,129515,27928,27586
2021-03,9호선2~3단계,637,석촌,189283,167934,28103,24447
2021-03,9호선2~3단계,638,송파나루,105710,114825,21419,21887
2021-03,9호선2~3단계,639,한성백제,51796,47808,12963,11666
2021-03,9호선2~3단계,640,올림픽공원(한국체대),126947,125894,19668,19467
2021-03,9호선2~3단계,641,둔촌오륜,27559,23579,5328,5371
2021-03,9호선2~3단계,642,중앙보훈병원,181399,156000,69425,67899
2021-03,우이신설선,700,북한산우이,51310,45734,30398,32238
2021-03,우이신설선,701,솔밭공원,40770,37500,24511,25612
2021-03,우이신설선,702,4.19민주묘지,49517,48657,31007,28095
2021-03,우이신설선,703,가오리,68608,66401,40042,40672
2021-03,우이신설선,704,화계,54729,49606,35344,35506
2021-03,우이신설선,705,삼양,30961,32107,23399,25767
2021-03,우이신설선,706,삼양사거리,33752,34805,30969,31284
2021-03,우이신설선,707,솔샘,119126,107861,32026,33235
2021-03,우이신설선,708,북한산보국문,124202,115469,37748,38567
2021-03,우이신설선,709,정릉,82191,75779,39735,37969
2021-03,우이신설선,710,성신여대입구(돈암),63512,73693,25725,24483
2021-03,우이신설선,711,보문,27527,27694,13155,13376
2021-03,우이신설선,712,신설동,35269,36574,23554,20617
